cluster,customers,median_age,median_monthly_installment,median_mean_tenor,median_onboarding,median_aum,multi_fund_pct,sip_only_pct
0,2129,45.0,20000.0,60.0,145000.0,312449.68,34.52325035227806,78.7224048849225
1,909,47.0,0.0,0.0,300000.0,0.0,9.900990099009901,0.0
2,5167,33.0,7000.0,60.0,7000.0,36483.15,13.353977162763691,98.41300561254113
3,330,34.0,7000.0,180.0,7000.0,57559.43,18.787878787878785,98.7878787878788
