k,inertia,silhouette
2,21984.010055389703,0.5592062956025342
3,16447.33003515815,0.37526406366121623
4,12157.057578839253,0.4175448577900128
5,9763.442784986824,0.38602997289123125
6,8637.685398227673,0.36550341889319554
7,7510.502063682149,0.3593561697360605
8,6673.83392781274,0.3730834000100958
