onboarding_year,introduced,retention_1yr,net_flow
2017,2,1.0,-1271218.4299999997
2018,2,1.0,1059309.02
2019,4,1.0,3758.900000000038
2020,3,1.0,-215051.22999999998
2021,316,0.8987341772151899,75114296.87
2022,548,0.8722627737226277,132561254.27
2023,700,0.8414285714285714,197092841.78
2024,1083,0.8541089566020313,261119857.34
2025,643,0.8693623639191291,378196813.21
