cluster,Apex Balanced Opportunity Fund,Apex Capital Growth Fund,Apex Fixed Income Fund,Apex Shariah Growth Fund
0,12.494128698919681,25.270079849694692,28.79286049788633,33.44293095349929
1,45.87458745874587,10.34103410341034,40.92409240924093,2.8602860286028604
2,15.618347203406232,34.681633443003676,21.540545771240566,28.159473582349527
3,17.272727272727273,57.27272727272727,8.181818181818182,17.272727272727273
