fund,aum_book,onboarding_capital,net_flow_value,mult_vs_onboarding,mult_vs_netinvested
Apex Fixed Income Fund,992089129.27,883595000,817308127.21,1.1227871697666918,1.2138495828453832
Apex Shariah Growth Fund,786576255.2099999,330697000,743086500.89,2.3785406435800747,1.058525830125984
Apex Balanced Opportunity Fund,366668800.17,426559000,251398256.02,0.8595969143072822,1.4585176761959304
Apex Capital Growth Fund,870806236.81,252430000,680845320.52,3.449693922315097,1.27900744936444
