,surv_12m,surv_24m,surv_36m
2018,0.9186046511627911,0.7868217054263565,0.6976744186046513
2019,0.8428571428571435,0.7102040816326535,0.5673469387755103
2020,0.9285714285714287,0.8035714285714288,0.7023809523809528
2021,0.9087378640776692,0.7203883495145629,0.5932038834951456
2022,0.8764921946740131,0.6721763085399447,0.5197428833792471
2023,0.8574277168494512,0.6650049850448649,0.5794754179006388
2024,0.8484107579462108,0.7240943918403743,0.6986977719359062
2025,0.8538717499863354,0.8213148304431317,0.8213148304431317
