fund,sip_accounts,mean_persistency,median_persistency,paid,expected,weighted_persistency
Apex Fixed Income Fund,2303,0.844526132130817,0.9090909090909091,26819,30349,0.8836864476589015
Apex Shariah Growth Fund,3012,0.8466069689417046,0.9166666666666666,59970,67667,0.8862517918630942
Apex Balanced Opportunity Fund,1558,0.7711089744582555,0.8333333333333334,27843,33062,0.8421450607948703
Apex Capital Growth Fund,3555,0.8497111677599255,0.9259259259259259,86670,97814,0.8860694788067148
