onboarding_year,sip_accounts,paid,expected,weighted_persistency
2018,269,6762,8706,0.7767057201929704
2019,422,12228,15125,0.8084628099173554
2020,132,4977,5658,0.8796394485683987
2021,865,29473,32577,0.9047180526138073
2022,1929,55550,61975,0.8963291649858814
2023,1765,41647,47277,0.8809146096410517
2024,1411,25310,27777,0.9111855131943695
2025,2524,22871,26126,0.8754114675036362
2026,1111,2484,3671,0.6766548624353037
