,surv_12m,surv_24m,surv_36m
Apex Fixed Income Fund,0.8723349834054969,0.7912633825706673,0.7723391730124617
Apex Shariah Growth Fund,0.8595495691925118,0.6614528863066377,0.5255295743669243
Apex Balanced Opportunity Fund,0.9043664640099792,0.7543335642999627,0.6630239461019724
Apex Capital Growth Fund,0.8669396944430083,0.6798033172060376,0.5423398434135591
